,nama produk,harga produk,penjual,kota toko,banyaknya terjual,rating produk
0,[Mizan] Buku Komik Next G vol. 664: Tragedi Seblak | Muffin Graphics,33150,Mizanstore.id,Depok,22,5.0
1,TGM MERCH - Bantal Boneka Unik Motif Seblak,50000,Tgm Merch,Bekasi,100,4.9
2,MSH  Bumbu Seblak 200gr Free Kerupuk,39511,MSH REMPAH,Jakarta Selatan,50,5.0
3,(250 gram) Bumbu Tabur Premium Bubuk Tabur Keripik Tahu Kentang Seblak Makaroni Ayam Penyedap Rasa,58900,Mamacia Treats,Surabaya,16,5.0
4,CAP IBU Bumbu Seblak Bandung - Bumbu Masak Instan Premium,45500,Cap Ibu Shop,Jakarta Timur,250,5.0
5,"Rasa Juara - Promo Campur Semua Varian 3 Pcs Seblak, Cuankie dan Basreng Harga Spesial",62000,Rasa Juara Indonesia,Kab. Bandung,40,5.0
6,INDOMIE MI INSTANT RASA SEBLAK HOT JELETOT 75G,3370,Foodmart Basko Padang,Padang,100,5.0
7,Seblak Seasoning (Bumbu Seblak)  - Cairo Food,32400,Cairo Food,Jakarta Timur,70,5.0
8,Mie Seblak Geprek Sami Raos,31000,Kartika Sari Bakery,Bandung,100,5.0
9,INDOMIE MI INSTANT RASA SEBLAK HOT JELET,3740,Hypermart Bangka,Pangkal Pinang,11,5.0
10,Bumbu Seblak Seasoning - Cairo Food 100 gr,51600,Cairo Food,Jakarta Timur,12,5.0
11,INDOMIE MI INSTANT RASA SEBLAK HOT JELET,3740,Hypermart Banjarbaru,Banjarbaru,100,5.0
12,Seblak Kuah Instan Ibro Bandung,28600,Pisang Goreng Madu Bu Nanik,Jakarta Barat,250,5.0
13,INDOMIE MI INSTANT RASA SEBLAK HOT JELETOT 75G,3260,Hypermart AR Hakim Surabaya,Surabaya,250,5.0
14,INDOMIE SEBLAK HOT JELETOT HYPE ABIS PACK 10 BUNGKUS X 75GR,40250,HariHariKaryaBersama,Medan,22,5.0
15,INDOMIE SEBLAK HOT JELETOT HYPE ABIS ISI 40 X 75GR -PER CARTON,153000,HariHariKaryaBersama,Medan,2,5.0
16,INDOMIE MI INSTANT RASA SEBLAK HOT JELETOT 75G,3740,Hypermart Ahmad Yani Banjarmasin,Banjarmasin,13,5.0
17,PROMO 3 PCS SEBLAK JUARA SEMUA VARIAN HARGA SPESIAL Food Pedas,66000,Rasa Juara Indonesia,Kab. Bandung,1000,4.9
18,INDOMIE MI INSTANT RASA SEBLAK HOT JELET,3740,Hypermart Lombok Epicentrum,Mataram,30,5.0
19,INDOMIE MI INSTANT RASA SEBLAK HOT JELETOT 75G,3740,Hyfresh Prabumulih,Prabumulih,2,5.0
20,INDOMIE MI INSTANT RASA SEBLAK HOT JELET,3740,Hypermart Manado TS,Manado,40,5.0
21,INDOMIE MI INSTANT RASA SEBLAK HOT JELET,3580,Hypermart Serang,Serang,100,4.9
22,SEBLAK KENCUR BOGAJAYA 400 GRAM,33500,Bogajaya Oleh Oleh,Surabaya,11,5.0
23,INDOMIE MI INSTANT RASA SEBLAK HOT JELET,3580,Hypermart Cilegon,Cilegon,100,5.0
24,INDOMIE MI INSTANT RASA SEBLAK HOT JELETOT 75G,3400,Foodmart Samarinda,Samarinda,22,5.0
25,INDOMIE MI INSTANT RASA SEBLAK HOT JELET,3740,Hypermart Jambi,Jambi,50,5.0
26,Krupuk Seblak MangAde Kemasan 50 gram Food Snacks Pedas Camilan,6000,Macaroni Mangade,Malang,100,4.9
27,INDOMIE SEBLAK HOT JELETOT HYPE ABIS 75GR,5950,HariHariKaryaBersama,Medan,250,4.9
28,Bumbu Tabur Premium Bubuk Tabur Keripik Tahu Kentang Seblak Makaroni Ayam Penyedap Rasa 50gram,16700,Mamacia Treats,Surabaya,100,4.8
29,INDOMIE MI INSTANT RASA SEBLAK HOT JELETOT 75G,3740,Primo Palembang,Palembang,40,5.0
30,"SEBLAK JUARA - SEBLAK INSTANT ASLI BANDUNG ENAK, ASLI DAN HIGIENIS",22000,Rasa Juara Indonesia,Kab. Bandung,2000,4.8
31,Rasa Juara - Paket BM 1 (2 Seblak dan 1 Cuankie) Semua Varian 3 Pcs Harga Spesial Food Mie,62000,Rasa Juara Indonesia,Kab. Bandung,70,4.8
32,Keripik Seblak Daun Jeruk Mang Ade Kemasan BOX  Snacks Pedas Kerupuk,12000,Macaroni Mangade,Malang,250,4.8
33,INDOMIE MI INSTANT RASA SEBLAK HOT JELET,3740,Hypermart Manado Kairagi,Manado,30,5.0
34,INDOMIE MI INSTANT RASA SEBLAK HOT JELET,3740,Hypermart Ciputra Pekanbaru,Pekanbaru,80,5.0
35,INDOMIE MIE KUAH INSTANT RASA SEBLAK HOT JELETO T 75 GR - Hypermart,3580,Hypermart Cibubur Junc,Jakarta Timur,100,5.0
36,INDOMIE MI INSTANT RASA SEBLAK HOT JELET,3740,Hypermart Tanjung Pinang,Tanjung Pinang,70,5.0
37,INDOMIE MI INSTANT RASA SEBLAK HOT JELET,3580,Hypermart Paragon,Semarang,250,4.9
38,INDOMIE MI INSTANT RASA SEBLAK HOT JELET,3740,Hypermart Big Mall Samarinda,Samarinda,40,5.0
39,INDOMIE MI INSTANT RASA SEBLAK HOT JELETOT 75G,3740,Foodmart Balikpapan,Balikpapan,29,5.0
40,INDOMIE MIE KUAH INSTANT RASA SEBLAK HOT JELETOT 75 GR,3190,Hyfresh Rempoa,Tangerang Selatan,16,5.0
41,INDOMIE MI INSTANT RASA SEBLAK HOT JELET,3580,Hypermart Bengkulu,Bengkulu,100,5.0
42,INDOMIE MIE KUAH INSTANT RASA SEBLAK HOT JELETOT 75 GR,3490,Primo Supermarket CITOS,Jakarta Selatan,50,4.9
43,INDOMIE MI INSTANT RASA SEBLAK HOT JELET,3580,Hypermart Cirebon,Cirebon,100,4.8
44,Kerupuk Seblak Campur Bumbu Rujak,35000,CEMILANKU KAYA BUMBU,Kab.Ciamis,22,5.0
45,INDOMIE MI INSTANT RASA SEBLAK HOT JELET,3580,Hypermart Pekalongan,Pekalongan,100,5.0
46,INDOMIE MI INSTANT RASA SEBLAK HOT JELET,3370,Hypermart Nagoya,Batam,100,4.8
47,INDOMIE MIE KUAH INSTANT RASA SEBLAK HOT JELETOT 75 GR,3580,Hyfresh Meikarta,Kab. Bekasi,17,5.0
48,1KG SEBLAK KRUPUK RAFAEL VIRAL Kerupuk Pedas,13500,CEMILANKU KAYA BUMBU,Kab.Ciamis,250,4.8
49,1KG KERUPUK SEBLAK JENGKOL PEDAS,60000,CEMILANKU KAYA BUMBU,Kab.Ciamis,80,4.8
50,500GR SEBLAK KRUPUK RAFAEL VIRAL,26999,CEMILANKU KAYA BUMBU,Kab.Ciamis,100,4.8
51,500GR SEBLAK KERUPUK BETON DAUN JERUK Cemilan Pedas Food Camilan,22999,CEMILANKU KAYA BUMBU,Kab.Ciamis,2000,4.8
52,1KG SEBLAK CAMPUR DAUN JERUK,25000,CEMILANKU KAYA BUMBU,Kab.Ciamis,60,4.8
53,INDOMIE MI INSTANT RASA SEBLAK HOT JELET,3260,Hypermart Madiun,Madiun,50,5.0
54,INDOMIE MIE KUAH INSTANT RASA SEBLAK HOT JELETOT 75 GR,3580,Hypermart Cimanggis Dua,Depok,30,4.8
55,INDOMIE MIE KUAH INSTANT RASA SEBLAK HOT JELETOT 75 GR,3190,Hyfresh Duta Garden,Tangerang,23,5.0
56,INDOMIE MI INSTANT RASA SEBLAK HOT JELET,3580,Hypermart Solo Hartono,Kab. Sukoharjo,60,4.9
57,INDOMIE MI INSTANT RASA SEBLAK HOT JELET,3260,Hypermart East Coast Center,Surabaya,100,5.0
58,INDOMIE MI INSTANT RASA SEBLAK HOT JELET,3740,Hypermart Balikpapan Penacity,Balikpapan,100,5.0
59,1KG SEBLAK KERUPUK BETON DAUN JERUK / KERUPUK JAAT Cemilan Pedas Food,41999,CEMILANKU KAYA BUMBU,Kab.Ciamis,1000,4.7
